"Study_ID","AUC","Permutation","DEBIAS"
10959,0.622268400878591,0,1
10959,0.535048882380809,1,1
10959,0.528280718377191,1,1
10959,0.520661957879323,1,1
