"Study_ID","AUC","Permutation","DEBIAS"
11129,0.513165859564165,0,1
11129,0.539194915254237,1,1
11129,0.520278450363196,1,1
11129,0.505145278450363,1,1
