"Study_ID","AUC","Permutation","DEBIAS"
11210,0.583813548469714,0,1
11210,0.511233477042159,1,1
11210,0.503806149599465,1,1
11210,0.510016932029994,1,1
