"Study_ID","AUC","Permutation","DEBIAS"
11635,0.636796733212341,0,1
11635,0.541572141560799,1,1
11635,0.539133393829401,1,1
11635,0.489904718693285,1,1
