"Study_ID","AUC","Permutation","DEBIAS"
11710,0.74179020454119,0,1
11710,0.526834302871083,1,1
11710,0.519140551698255,1,1
11710,0.534340401576281,1,1
