"Study_ID","AUC","Permutation","DEBIAS"
11993,0.670433347682594,0,1
11993,0.496962739752236,1,1
11993,0.515772229396853,1,1
11993,0.541266083130052,1,1
