"Study_ID","AUC","Permutation","DEBIAS"
13010,0.606875203649397,0,1
13010,0.521505376344086,1,1
13010,0.519224503095471,1,1
13010,0.482730531117628,1,1
