"Study_ID","AUC","Permutation","DEBIAS"
13187,0.65257405809606,0,1
13187,0.523943054357204,1,1
13187,0.523619499568594,1,1
13187,0.491048317515099,1,1
