"Study_ID","AUC","Permutation","DEBIAS"
13338,0.685557149689144,0,1
13338,0.552128168340507,1,1
13338,0.527259684361549,1,1
13338,0.5662362505978,1,1
