"Study_ID","AUC","Permutation","DEBIAS"
13631,0.719203873050027,0,1
13631,0.532544378698225,1,1
13631,0.564795344515624,1,1
13631,0.525429116338207,1,1
