"Study_ID","AUC","Permutation","DEBIAS"
13652,0.629256965944272,0,1
13652,0.557120743034056,1,1
13652,0.520201238390093,1,1
13652,0.520665634674923,1,1
