"Study_ID","AUC","Permutation","DEBIAS"
13695,0.729861111111111,0,1
13695,0.556944444444444,1,1
13695,0.568055555555556,1,1
13695,0.579861111111111,1,1
