"Study_ID","AUC","Permutation","DEBIAS"
14130,0.947916666666667,0,1
14130,0.5625,1,1
14130,0.477083333333333,1,1
14130,0.452083333333333,1,1
