"Study_ID","AUC","Permutation","DEBIAS"
14669,0.554511278195489,0,1
14669,0.582706766917293,1,1
14669,0.62406015037594,1,1
14669,0.417293233082707,1,1
