"Study_ID","AUC","Permutation","DEBIAS"
15006,0.428070175438596,0,1
15006,0.715789473684211,1,1
15006,0.712280701754386,1,1
15006,0.518421052631579,1,1
